product_name,location_name,min_qty,max_qty
Kabelbinder 3.5mmx150mm,WH/Stock,10,50
SRVO-4120B,WH/Stock,10,50
HQ Durable Prop 5X4.3X3V1S Links,WH/Stock,8,32
HQ Durable Prop 5X4.3X3V1S Rechts,WH/Stock,8,32
BALLUF BIS M1B2-03_L,WH/Stock,2,10
2200mAh 50C 11. 1V 24.52Wh Zeee,WH/Stock,2,10
Anstecker an Akku (zweipolig),WH/Stock,5,20
Mamba F405 MK2 kpl.,WH/Stock,1,5
XING-E Pro2207 2750kv,WH/Stock,4,12
Kabelverlängerung Motor (5cm),WH/Stock,20,60
Schrumpfschlauch,WH/Stock,20,60
RUDOG ESC RX Cable Black 60mm),WH/Stock,2,10
FS-IA10B Resiver,WH/Stock,2,10
KARTONAGE 130MM,WH/Stock,5,20
Papierreste,WH/Stock,5,30
Motorschrauben für iFlight.Xing.2207 2,WH/Stock,16,64
Motormuttern für iFlight.Xing.2207 2,WH/Stock,8,32
Haube EVO2 weiss,WH/Stock,1,5
HAUBE EVO2 gelb,WH/Stock,1,5
HAUBE EVO2 rot,WH/Stock,1,5
HAUBE EVO2 grün,WH/Stock,1,5
HAUBE EVO2 blau,WH/Stock,1,5
HAUBE EVO2 braun,WH/Stock,1,5
HAUBE EVO2 orange,WH/Stock,1,5
HAUBE EVO2 schwarz,WH/Stock,1,5
Grundplatte EVO 2 Spartan weiss,WH/Stock,1,5
Grundplatte EVO 2 Spartan blau,WH/Stock,1,5
Grundplatte EVO 2 Spartan schwarz,WH/Stock,1,5
Fuß 35mm Spartan weiss,WH/Stock,4,16
Fuß 35mm Spartan gelb,WH/Stock,4,16
Fuß 35mm Spartan rot,WH/Stock,4,16
Fuß 35mm Spartan grün,WH/Stock,4,16
Fuß 35mm Spartan blau,WH/Stock,4,16
Fuß 35mm Spartan braun,WH/Stock,4,16
Fuß 35mm Spartan orange,WH/Stock,4,16
Fuß 35mm Spartan schwarz,WH/Stock,4,16
Grundplatte EVO 2 Lightweight weiss,WH/Stock,1,5
Grundplatte EVO 2 Lightweight blau,WH/Stock,1,5
Grundplatte EVO 2 Lightweight schwarz,WH/Stock,1,5
Fuß 35mm Lightweight weiss,WH/Stock,4,16
Fuß 35mm Lightweight gelb,WH/Stock,4,16
Fuß 35mm Lightweight rot,WH/Stock,4,16
Fuß 35mm Lightweight grün,WH/Stock,4,16
Fuß 35mm Lightweight blau,WH/Stock,4,16
Fuß 35mm Lightweight braun,WH/Stock,4,16
Fuß 35mm Lightweight orange,WH/Stock,4,16
Fuß 35mm Lightweight schwarz,WH/Stock,4,16
Grundplatte EVO 2 Balance weiss,WH/Stock,1,5
Grundplatte EVO 2 Balance blau,WH/Stock,1,5
Grundplatte EVO 2 Balance schwarz,WH/Stock,1,5
Fuß 35mm Balance weiss,WH/Stock,4,16
Fuß 35mm Balance gelb,WH/Stock,4,16
Fuß 35mm Balance rot,WH/Stock,4,16
Fuß 35mm Balance grün,WH/Stock,4,16
Fuß 35mm Balance blau,WH/Stock,4,16
Fuß 35mm Balance braun,WH/Stock,4,16
Fuß 35mm Balance orange,WH/Stock,4,16
Fuß 35mm Balance schwarz,WH/Stock,4,16
Acryl Glasplatte - Weiß 1000mm*330mm*5mm (3300 cm^2),WH/Stock,2,10
Lötzinn 1.0mm 50g,WH/Stock,5,20
PLA Filament 3mm - Weiß,WH/Stock,5,20
PLA Filament 3mm - Gelb,WH/Stock,5,20
PLA Filament 3mm - Rot,WH/Stock,5,20
PLA Filament 3mm - Grün,WH/Stock,5,20
PLA Filament 3mm - Blau,WH/Stock,5,20
PLA Filament 3mm - Braun,WH/Stock,5,20
PLA Filament 3mm - Orange,WH/Stock,5,20
PLA Filament 3mm - Schwarz,WH/Stock,5,20
